"Any","Codi_Districte","Nom_Districte","Codi_Barri","Nom_Barri","Seccio_Censal","Import_Renda_Bruta_EUR"
2019,1,"Ciutat Vella",1,"el Raval",1,13022
2019,1,"Ciutat Vella",1,"el Raval",2,10797
2019,1,"Ciutat Vella",1,"el Raval",3,10281
2019,1,"Ciutat Vella",1,"el Raval",4,12875
2019,1,"Ciutat Vella",1,"el Raval",5,10810
2019,1,"Ciutat Vella",1,"el Raval",6,12863
2019,1,"Ciutat Vella",1,"el Raval",7,11079
2019,1,"Ciutat Vella",1,"el Raval",8,8956
2019,1,"Ciutat Vella",1,"el Raval",9,11414
2019,1,"Ciutat Vella",1,"el Raval",10,9375
2019,1,"Ciutat Vella",1,"el Raval",11,9154
2019,1,"Ciutat Vella",1,"el Raval",12,11782
2019,1,"Ciutat Vella",1,"el Raval",13,12587
2019,1,"Ciutat Vella",1,"el Raval",14,10993
2019,1,"Ciutat Vella",1,"el Raval",15,11526
2019,1,"Ciutat Vella",1,"el Raval",16,11683
2019,1,"Ciutat Vella",1,"el Raval",17,10564
2019,1,"Ciutat Vella",1,"el Raval",18,10976
2019,1,"Ciutat Vella",1,"el Raval",19,11333
2019,1,"Ciutat Vella",1,"el Raval",20,18219
2019,1,"Ciutat Vella",1,"el Raval",21,17060
2019,1,"Ciutat Vella",2,"el Gòtic",22,22912
2019,1,"Ciutat Vella",2,"el Gòtic",23,18201
2019,1,"Ciutat Vella",2,"el Gòtic",25,16846
2019,1,"Ciutat Vella",2,"el Gòtic",26,17449
2019,1,"Ciutat Vella",2,"el Gòtic",27,15119
2019,1,"Ciutat Vella",2,"el Gòtic",28,15402
2019,1,"Ciutat Vella",2,"el Gòtic",29,13342
2019,1,"Ciutat Vella",2,"el Gòtic",30,14255
2019,1,"Ciutat Vella",2,"el Gòtic",31,13987
2019,1,"Ciutat Vella",3,"la Barceloneta",32,17722
2019,1,"Ciutat Vella",3,"la Barceloneta",33,14580
2019,1,"Ciutat Vella",3,"la Barceloneta",34,14570
2019,1,"Ciutat Vella",3,"la Barceloneta",35,13988
2019,1,"Ciutat Vella",3,"la Barceloneta",36,15948
2019,1,"Ciutat Vella",3,"la Barceloneta",37,15040
2019,1,"Ciutat Vella",3,"la Barceloneta",38,14124
2019,1,"Ciutat Vella",3,"la Barceloneta",39,14830
2019,1,"Ciutat Vella",3,"la Barceloneta",40,16169
2019,1,"Ciutat Vella",3,"la Barceloneta",41,13567
2019,1,"Ciutat Vella",3,"la Barceloneta",42,15499
2019,1,"Ciutat Vella",4,"Sant Pere, Santa Caterina i la Ribera",43,22650
2019,1,"Ciutat Vella",4,"Sant Pere, Santa Caterina i la Ribera",44,21754
2019,1,"Ciutat Vella",4,"Sant Pere, Santa Caterina i la Ribera",45,17071
2019,1,"Ciutat Vella",4,"Sant Pere, Santa Caterina i la Ribera",46,16427
2019,1,"Ciutat Vella",4,"Sant Pere, Santa Caterina i la Ribera",47,15451
2019,1,"Ciutat Vella",4,"Sant Pere, Santa Caterina i la Ribera",48,11594
2019,1,"Ciutat Vella",4,"Sant Pere, Santa Caterina i la Ribera",49,17581
2019,1,"Ciutat Vella",4,"Sant Pere, Santa Caterina i la Ribera",50,15738
2019,1,"Ciutat Vella",4,"Sant Pere, Santa Caterina i la Ribera",51,13236
2019,1,"Ciutat Vella",4,"Sant Pere, Santa Caterina i la Ribera",52,22929
2019,1,"Ciutat Vella",4,"Sant Pere, Santa Caterina i la Ribera",53,14631
2019,1,"Ciutat Vella",4,"Sant Pere, Santa Caterina i la Ribera",54,16249
2019,1,"Ciutat Vella",4,"Sant Pere, Santa Caterina i la Ribera",55,20006
2019,2,"Eixample",5,"el Fort Pienc",1,22368
2019,2,"Eixample",5,"el Fort Pienc",2,22127
2019,2,"Eixample",5,"el Fort Pienc",3,23082
2019,2,"Eixample",5,"el Fort Pienc",4,18357
2019,2,"Eixample",5,"el Fort Pienc",5,24066
2019,2,"Eixample",5,"el Fort Pienc",6,25625
2019,2,"Eixample",5,"el Fort Pienc",7,25483
2019,2,"Eixample",5,"el Fort Pienc",8,24061
2019,2,"Eixample",5,"el Fort Pienc",9,22712
2019,2,"Eixample",5,"el Fort Pienc",10,20728
2019,2,"Eixample",5,"el Fort Pienc",11,22867
2019,2,"Eixample",5,"el Fort Pienc",12,17939
2019,2,"Eixample",5,"el Fort Pienc",13,19123
2019,2,"Eixample",5,"el Fort Pienc",14,18102
2019,2,"Eixample",5,"el Fort Pienc",15,18513
2019,2,"Eixample",5,"el Fort Pienc",16,23675
2019,2,"Eixample",5,"el Fort Pienc",17,24899
2019,2,"Eixample",5,"el Fort Pienc",18,24790
2019,2,"Eixample",5,"el Fort Pienc",19,21728
2019,2,"Eixample",5,"el Fort Pienc",20,19534
2019,2,"Eixample",6,"la Sagrada Família",21,22163
2019,2,"Eixample",6,"la Sagrada Família",22,21166
2019,2,"Eixample",6,"la Sagrada Família",23,21946
2019,2,"Eixample",6,"la Sagrada Família",24,20090
2019,2,"Eixample",6,"la Sagrada Família",25,19888
2019,2,"Eixample",6,"la Sagrada Família",26,21548
2019,2,"Eixample",6,"la Sagrada Família",27,22051
2019,2,"Eixample",6,"la Sagrada Família",28,21604
2019,2,"Eixample",6,"la Sagrada Família",29,20328
2019,2,"Eixample",6,"la Sagrada Família",30,16189
2019,2,"Eixample",6,"la Sagrada Família",31,23675
2019,2,"Eixample",6,"la Sagrada Família",32,22429
2019,2,"Eixample",6,"la Sagrada Família",33,21498
2019,2,"Eixample",6,"la Sagrada Família",34,18580
2019,2,"Eixample",6,"la Sagrada Família",35,23808
2019,2,"Eixample",6,"la Sagrada Família",36,23781
2019,2,"Eixample",6,"la Sagrada Família",37,24481
2019,2,"Eixample",6,"la Sagrada Família",38,24317
2019,2,"Eixample",6,"la Sagrada Família",39,21574
2019,2,"Eixample",6,"la Sagrada Família",40,19155
2019,2,"Eixample",6,"la Sagrada Família",41,21030
2019,2,"Eixample",6,"la Sagrada Família",42,25616
2019,2,"Eixample",6,"la Sagrada Família",43,23293
2019,2,"Eixample",6,"la Sagrada Família",44,19347
2019,2,"Eixample",6,"la Sagrada Família",45,24078
2019,2,"Eixample",6,"la Sagrada Família",46,19371
2019,2,"Eixample",6,"la Sagrada Família",47,20953
2019,2,"Eixample",6,"la Sagrada Família",48,20238
2019,2,"Eixample",6,"la Sagrada Família",49,19832
2019,2,"Eixample",6,"la Sagrada Família",50,20674
2019,2,"Eixample",6,"la Sagrada Família",51,19183
2019,2,"Eixample",6,"la Sagrada Família",52,21420
2019,2,"Eixample",6,"la Sagrada Família",53,23810
2019,2,"Eixample",6,"la Sagrada Família",54,23009
2019,2,"Eixample",7,"la Dreta de l'Eixample",55,24119
2019,2,"Eixample",7,"la Dreta de l'Eixample",56,24711
2019,2,"Eixample",7,"la Dreta de l'Eixample",57,30386
2019,2,"Eixample",7,"la Dreta de l'Eixample",58,28072
2019,2,"Eixample",7,"la Dreta de l'Eixample",59,28618
2019,2,"Eixample",7,"la Dreta de l'Eixample",60,24926
2019,2,"Eixample",7,"la Dreta de l'Eixample",61,23742
2019,2,"Eixample",7,"la Dreta de l'Eixample",62,29206
2019,2,"Eixample",7,"la Dreta de l'Eixample",63,37051
2019,2,"Eixample",7,"la Dreta de l'Eixample",64,31992
2019,2,"Eixample",7,"la Dreta de l'Eixample",65,26722
2019,2,"Eixample",7,"la Dreta de l'Eixample",66,25454
2019,2,"Eixample",7,"la Dreta de l'Eixample",67,21885
2019,2,"Eixample",7,"la Dreta de l'Eixample",68,22900
2019,2,"Eixample",7,"la Dreta de l'Eixample",69,27621
2019,2,"Eixample",7,"la Dreta de l'Eixample",70,30158
2019,2,"Eixample",7,"la Dreta de l'Eixample",71,30890
2019,2,"Eixample",7,"la Dreta de l'Eixample",72,34221
2019,2,"Eixample",7,"la Dreta de l'Eixample",73,31423
2019,2,"Eixample",7,"la Dreta de l'Eixample",74,29494
2019,2,"Eixample",7,"la Dreta de l'Eixample",75,27526
2019,2,"Eixample",7,"la Dreta de l'Eixample",76,33552
2019,2,"Eixample",7,"la Dreta de l'Eixample",77,29236
2019,2,"Eixample",7,"la Dreta de l'Eixample",78,40102
2019,2,"Eixample",7,"la Dreta de l'Eixample",79,36297
2019,2,"Eixample",7,"la Dreta de l'Eixample",80,34652
2019,2,"Eixample",7,"la Dreta de l'Eixample",81,36904
2019,2,"Eixample",7,"la Dreta de l'Eixample",82,32760
2019,2,"Eixample",7,"la Dreta de l'Eixample",83,41228
2019,2,"Eixample",8,"l'Antiga Esquerra de l'Eixample",84,27500
2019,2,"Eixample",8,"l'Antiga Esquerra de l'Eixample",85,28380
2019,2,"Eixample",8,"l'Antiga Esquerra de l'Eixample",86,30327
2019,2,"Eixample",8,"l'Antiga Esquerra de l'Eixample",87,27508
2019,2,"Eixample",8,"l'Antiga Esquerra de l'Eixample",88,30598
2019,2,"Eixample",8,"l'Antiga Esquerra de l'Eixample",89,27094
2019,2,"Eixample",8,"l'Antiga Esquerra de l'Eixample",90,24593
2019,2,"Eixample",8,"l'Antiga Esquerra de l'Eixample",91,25257
2019,2,"Eixample",8,"l'Antiga Esquerra de l'Eixample",92,25111
2019,2,"Eixample",8,"l'Antiga Esquerra de l'Eixample",93,26431
2019,2,"Eixample",8,"l'Antiga Esquerra de l'Eixample",94,25348
2019,2,"Eixample",8,"l'Antiga Esquerra de l'Eixample",95,25027
2019,2,"Eixample",8,"l'Antiga Esquerra de l'Eixample",96,23945
2019,2,"Eixample",8,"l'Antiga Esquerra de l'Eixample",97,22263
2019,2,"Eixample",8,"l'Antiga Esquerra de l'Eixample",98,24918
2019,2,"Eixample",8,"l'Antiga Esquerra de l'Eixample",99,27503
2019,2,"Eixample",8,"l'Antiga Esquerra de l'Eixample",100,25777
2019,2,"Eixample",8,"l'Antiga Esquerra de l'Eixample",101,24549
2019,2,"Eixample",8,"l'Antiga Esquerra de l'Eixample",102,31079
2019,2,"Eixample",8,"l'Antiga Esquerra de l'Eixample",103,22594
2019,2,"Eixample",8,"l'Antiga Esquerra de l'Eixample",104,27979
2019,2,"Eixample",8,"l'Antiga Esquerra de l'Eixample",105,22568
2019,2,"Eixample",8,"l'Antiga Esquerra de l'Eixample",106,30538
2019,2,"Eixample",8,"l'Antiga Esquerra de l'Eixample",107,29730
2019,2,"Eixample",8,"l'Antiga Esquerra de l'Eixample",108,32287
2019,2,"Eixample",8,"l'Antiga Esquerra de l'Eixample",109,34426
2019,2,"Eixample",9,"la Nova Esquerra de l'Eixample",110,24668
2019,2,"Eixample",9,"la Nova Esquerra de l'Eixample",111,25650
2019,2,"Eixample",9,"la Nova Esquerra de l'Eixample",112,32104
2019,2,"Eixample",9,"la Nova Esquerra de l'Eixample",113,30922
2019,2,"Eixample",9,"la Nova Esquerra de l'Eixample",114,24469
2019,2,"Eixample",9,"la Nova Esquerra de l'Eixample",115,21826
2019,2,"Eixample",9,"la Nova Esquerra de l'Eixample",116,29214
2019,2,"Eixample",9,"la Nova Esquerra de l'Eixample",117,24275
2019,2,"Eixample",9,"la Nova Esquerra de l'Eixample",118,27694
2019,2,"Eixample",9,"la Nova Esquerra de l'Eixample",119,25753
2019,2,"Eixample",9,"la Nova Esquerra de l'Eixample",120,23668
2019,2,"Eixample",9,"la Nova Esquerra de l'Eixample",121,25338
2019,2,"Eixample",9,"la Nova Esquerra de l'Eixample",122,27694
2019,2,"Eixample",9,"la Nova Esquerra de l'Eixample",123,23862
2019,2,"Eixample",9,"la Nova Esquerra de l'Eixample",124,26113
2019,2,"Eixample",9,"la Nova Esquerra de l'Eixample",125,24839
2019,2,"Eixample",9,"la Nova Esquerra de l'Eixample",126,25838
2019,2,"Eixample",9,"la Nova Esquerra de l'Eixample",127,23147
2019,2,"Eixample",9,"la Nova Esquerra de l'Eixample",128,22191
2019,2,"Eixample",9,"la Nova Esquerra de l'Eixample",129,23858
2019,2,"Eixample",9,"la Nova Esquerra de l'Eixample",130,36065
2019,2,"Eixample",9,"la Nova Esquerra de l'Eixample",131,22322
2019,2,"Eixample",9,"la Nova Esquerra de l'Eixample",132,24676
2019,2,"Eixample",9,"la Nova Esquerra de l'Eixample",133,24320
2019,2,"Eixample",9,"la Nova Esquerra de l'Eixample",134,21797
2019,2,"Eixample",9,"la Nova Esquerra de l'Eixample",135,20865
2019,2,"Eixample",9,"la Nova Esquerra de l'Eixample",136,23448
2019,2,"Eixample",9,"la Nova Esquerra de l'Eixample",137,20432
2019,2,"Eixample",9,"la Nova Esquerra de l'Eixample",138,25281
2019,2,"Eixample",9,"la Nova Esquerra de l'Eixample",139,21408
2019,2,"Eixample",9,"la Nova Esquerra de l'Eixample",140,23210
2019,2,"Eixample",9,"la Nova Esquerra de l'Eixample",141,21710
2019,2,"Eixample",9,"la Nova Esquerra de l'Eixample",142,19605
2019,2,"Eixample",9,"la Nova Esquerra de l'Eixample",143,24708
2019,2,"Eixample",9,"la Nova Esquerra de l'Eixample",144,26578
2019,2,"Eixample",9,"la Nova Esquerra de l'Eixample",145,22915
2019,2,"Eixample",9,"la Nova Esquerra de l'Eixample",146,22793
2019,2,"Eixample",9,"la Nova Esquerra de l'Eixample",147,22634
2019,2,"Eixample",9,"la Nova Esquerra de l'Eixample",148,24297
2019,2,"Eixample",9,"la Nova Esquerra de l'Eixample",149,22120
2019,2,"Eixample",10,"Sant Antoni",150,19780
2019,2,"Eixample",10,"Sant Antoni",151,21698
2019,2,"Eixample",10,"Sant Antoni",152,24485
2019,2,"Eixample",10,"Sant Antoni",153,23703
2019,2,"Eixample",10,"Sant Antoni",154,18139
2019,2,"Eixample",10,"Sant Antoni",155,19613
2019,2,"Eixample",10,"Sant Antoni",156,22311
2019,2,"Eixample",10,"Sant Antoni",157,20027
2019,2,"Eixample",10,"Sant Antoni",158,21338
2019,2,"Eixample",10,"Sant Antoni",159,22379
2019,2,"Eixample",10,"Sant Antoni",160,24795
2019,2,"Eixample",10,"Sant Antoni",161,21653
2019,2,"Eixample",10,"Sant Antoni",162,19643
2019,2,"Eixample",10,"Sant Antoni",163,23301
2019,2,"Eixample",10,"Sant Antoni",164,22497
2019,2,"Eixample",10,"Sant Antoni",165,22761
2019,2,"Eixample",10,"Sant Antoni",166,20637
2019,2,"Eixample",10,"Sant Antoni",167,21463
2019,2,"Eixample",10,"Sant Antoni",168,21269
2019,2,"Eixample",10,"Sant Antoni",169,20845
2019,2,"Eixample",10,"Sant Antoni",170,20305
2019,2,"Eixample",10,"Sant Antoni",171,18148
2019,2,"Eixample",10,"Sant Antoni",172,19171
2019,2,"Eixample",10,"Sant Antoni",173,21134
2019,3,"Sants-Montjuïc",11,"el Poble Sec",1,17469
2019,3,"Sants-Montjuïc",11,"el Poble Sec",2,15370
2019,3,"Sants-Montjuïc",11,"el Poble Sec",3,13707
2019,3,"Sants-Montjuïc",11,"el Poble Sec",4,17713
2019,3,"Sants-Montjuïc",11,"el Poble Sec",5,15320
2019,3,"Sants-Montjuïc",11,"el Poble Sec",6,16040
2019,3,"Sants-Montjuïc",11,"el Poble Sec",7,15700
2019,3,"Sants-Montjuïc",11,"el Poble Sec",8,15698
2019,3,"Sants-Montjuïc",11,"el Poble Sec",9,16753
2019,3,"Sants-Montjuïc",11,"el Poble Sec",10,14978
2019,3,"Sants-Montjuïc",11,"el Poble Sec",11,12346
2019,3,"Sants-Montjuïc",11,"el Poble Sec",12,15240
2019,3,"Sants-Montjuïc",11,"el Poble Sec",13,14834
2019,3,"Sants-Montjuïc",11,"el Poble Sec",14,13793
2019,3,"Sants-Montjuïc",11,"el Poble Sec",15,14454
2019,3,"Sants-Montjuïc",11,"el Poble Sec",16,13677
2019,3,"Sants-Montjuïc",11,"el Poble Sec",17,14130
2019,3,"Sants-Montjuïc",11,"el Poble Sec",18,14703
2019,3,"Sants-Montjuïc",11,"el Poble Sec",19,14261
2019,3,"Sants-Montjuïc",11,"el Poble Sec",20,18252
2019,3,"Sants-Montjuïc",11,"el Poble Sec",21,17313
2019,3,"Sants-Montjuïc",11,"el Poble Sec",22,16655
2019,3,"Sants-Montjuïc",11,"el Poble Sec",23,14249
2019,3,"Sants-Montjuïc",11,"el Poble Sec",24,15377
2019,3,"Sants-Montjuïc",12,"la Marina del Prat Vermell",25,11988
2019,3,"Sants-Montjuïc",13,"la Marina de Port",26,16301
2019,3,"Sants-Montjuïc",13,"la Marina de Port",27,17098
2019,3,"Sants-Montjuïc",13,"la Marina de Port",28,19619
2019,3,"Sants-Montjuïc",13,"la Marina de Port",29,14682
2019,3,"Sants-Montjuïc",13,"la Marina de Port",30,16552
2019,3,"Sants-Montjuïc",13,"la Marina de Port",31,15144
2019,3,"Sants-Montjuïc",13,"la Marina de Port",32,14022
2019,3,"Sants-Montjuïc",13,"la Marina de Port",33,11572
2019,3,"Sants-Montjuïc",13,"la Marina de Port",34,15868
2019,3,"Sants-Montjuïc",13,"la Marina de Port",35,16796
2019,3,"Sants-Montjuïc",13,"la Marina de Port",36,18697
2019,3,"Sants-Montjuïc",13,"la Marina de Port",37,17264
2019,3,"Sants-Montjuïc",13,"la Marina de Port",38,11444
2019,3,"Sants-Montjuïc",13,"la Marina de Port",39,11558
2019,3,"Sants-Montjuïc",14,"la Font de la Guatlla",40,22149
2019,3,"Sants-Montjuïc",14,"la Font de la Guatlla",41,17710
2019,3,"Sants-Montjuïc",14,"la Font de la Guatlla",42,17118
2019,3,"Sants-Montjuïc",14,"la Font de la Guatlla",43,19263
2019,3,"Sants-Montjuïc",14,"la Font de la Guatlla",44,16924
2019,3,"Sants-Montjuïc",14,"la Font de la Guatlla",45,18794
2019,3,"Sants-Montjuïc",14,"la Font de la Guatlla",46,23067
2019,3,"Sants-Montjuïc",15,"Hostafrancs",47,17510
2019,3,"Sants-Montjuïc",15,"Hostafrancs",48,21978
2019,3,"Sants-Montjuïc",15,"Hostafrancs",49,18897
2019,3,"Sants-Montjuïc",15,"Hostafrancs",50,20153
2019,3,"Sants-Montjuïc",15,"Hostafrancs",51,16384
2019,3,"Sants-Montjuïc",15,"Hostafrancs",52,16849
2019,3,"Sants-Montjuïc",15,"Hostafrancs",53,16738
2019,3,"Sants-Montjuïc",15,"Hostafrancs",54,19275
2019,3,"Sants-Montjuïc",15,"Hostafrancs",55,19408
2019,3,"Sants-Montjuïc",15,"Hostafrancs",56,18598
2019,3,"Sants-Montjuïc",16,"la Bordeta",57,17934
2019,3,"Sants-Montjuïc",16,"la Bordeta",58,23547
2019,3,"Sants-Montjuïc",16,"la Bordeta",59,17149
2019,3,"Sants-Montjuïc",16,"la Bordeta",60,20216
2019,3,"Sants-Montjuïc",16,"la Bordeta",61,16889
2019,3,"Sants-Montjuïc",16,"la Bordeta",62,18470
2019,3,"Sants-Montjuïc",16,"la Bordeta",63,17122
2019,3,"Sants-Montjuïc",16,"la Bordeta",64,19416
2019,3,"Sants-Montjuïc",16,"la Bordeta",65,19696
2019,3,"Sants-Montjuïc",16,"la Bordeta",66,17379
2019,3,"Sants-Montjuïc",16,"la Bordeta",67,18709
2019,3,"Sants-Montjuïc",16,"la Bordeta",68,16553
2019,3,"Sants-Montjuïc",16,"la Bordeta",69,20071
2019,3,"Sants-Montjuïc",17,"Sants - Badal",70,15456
2019,3,"Sants-Montjuïc",17,"Sants - Badal",71,15513
2019,3,"Sants-Montjuïc",17,"Sants - Badal",72,16079
2019,3,"Sants-Montjuïc",17,"Sants - Badal",73,19546
2019,3,"Sants-Montjuïc",17,"Sants - Badal",74,18318
2019,3,"Sants-Montjuïc",17,"Sants - Badal",75,17090
2019,3,"Sants-Montjuïc",17,"Sants - Badal",76,16123
2019,3,"Sants-Montjuïc",17,"Sants - Badal",77,16955
2019,3,"Sants-Montjuïc",17,"Sants - Badal",78,17494
2019,3,"Sants-Montjuïc",17,"Sants - Badal",79,15418
2019,3,"Sants-Montjuïc",17,"Sants - Badal",80,18028
2019,3,"Sants-Montjuïc",17,"Sants - Badal",81,18473
2019,3,"Sants-Montjuïc",17,"Sants - Badal",82,20825
2019,3,"Sants-Montjuïc",17,"Sants - Badal",83,20874
2019,3,"Sants-Montjuïc",17,"Sants - Badal",84,19779
2019,3,"Sants-Montjuïc",17,"Sants - Badal",85,20721
2019,3,"Sants-Montjuïc",18,"Sants",86,25087
2019,3,"Sants-Montjuïc",18,"Sants",87,23580
2019,3,"Sants-Montjuïc",18,"Sants",88,20095
2019,3,"Sants-Montjuïc",18,"Sants",89,22028
2019,3,"Sants-Montjuïc",18,"Sants",90,24717
2019,3,"Sants-Montjuïc",18,"Sants",91,21595
2019,3,"Sants-Montjuïc",18,"Sants",92,21175
2019,3,"Sants-Montjuïc",18,"Sants",93,21498
2019,3,"Sants-Montjuïc",18,"Sants",94,21614
2019,3,"Sants-Montjuïc",18,"Sants",95,19513
2019,3,"Sants-Montjuïc",18,"Sants",96,17537
2019,3,"Sants-Montjuïc",18,"Sants",97,13849
2019,3,"Sants-Montjuïc",18,"Sants",98,16370
2019,3,"Sants-Montjuïc",18,"Sants",99,18614
2019,3,"Sants-Montjuïc",18,"Sants",100,17916
2019,3,"Sants-Montjuïc",18,"Sants",101,18232
2019,3,"Sants-Montjuïc",18,"Sants",102,19479
2019,3,"Sants-Montjuïc",18,"Sants",103,18769
2019,3,"Sants-Montjuïc",18,"Sants",104,18018
2019,3,"Sants-Montjuïc",18,"Sants",105,18347
2019,3,"Sants-Montjuïc",18,"Sants",106,19469
2019,3,"Sants-Montjuïc",18,"Sants",107,20439
2019,3,"Sants-Montjuïc",18,"Sants",108,18812
2019,3,"Sants-Montjuïc",18,"Sants",109,20460
2019,3,"Sants-Montjuïc",18,"Sants",110,20475
2019,3,"Sants-Montjuïc",18,"Sants",111,20449
2019,3,"Sants-Montjuïc",18,"Sants",112,24644
2019,3,"Sants-Montjuïc",18,"Sants",113,26993
2019,3,"Sants-Montjuïc",18,"Sants",114,25654
2019,3,"Sants-Montjuïc",13,"la Marina de Port",211,16734
2019,3,"Sants-Montjuïc",13,"la Marina de Port",212,15028
2019,3,"Sants-Montjuïc",13,"la Marina de Port",213,12274
2019,4,"Les Corts",19,"les Corts",1,23730
2019,4,"Les Corts",19,"les Corts",2,28327
2019,4,"Les Corts",19,"les Corts",3,25523
2019,4,"Les Corts",19,"les Corts",4,25067
2019,4,"Les Corts",19,"les Corts",5,22685
2019,4,"Les Corts",19,"les Corts",6,25056
2019,4,"Les Corts",19,"les Corts",7,19787
2019,4,"Les Corts",19,"les Corts",8,21134
2019,4,"Les Corts",19,"les Corts",9,24942
2019,4,"Les Corts",19,"les Corts",10,28767
2019,4,"Les Corts",19,"les Corts",11,28812
2019,4,"Les Corts",19,"les Corts",12,26384
2019,4,"Les Corts",19,"les Corts",13,29373
2019,4,"Les Corts",19,"les Corts",14,30439
2019,4,"Les Corts",19,"les Corts",15,26945
2019,4,"Les Corts",19,"les Corts",16,28991
2019,4,"Les Corts",19,"les Corts",17,30141
2019,4,"Les Corts",19,"les Corts",18,29158
2019,4,"Les Corts",19,"les Corts",19,40045
2019,4,"Les Corts",19,"les Corts",20,29024
2019,4,"Les Corts",19,"les Corts",21,36459
2019,4,"Les Corts",19,"les Corts",22,30051
2019,4,"Les Corts",19,"les Corts",23,46204
2019,4,"Les Corts",19,"les Corts",24,46204
2019,4,"Les Corts",19,"les Corts",25,25618
2019,4,"Les Corts",19,"les Corts",26,28079
2019,4,"Les Corts",19,"les Corts",27,30019
2019,4,"Les Corts",19,"les Corts",28,25580
2019,4,"Les Corts",19,"les Corts",29,33518
2019,4,"Les Corts",19,"les Corts",30,29353
2019,4,"Les Corts",19,"les Corts",31,22861
2019,4,"Les Corts",19,"les Corts",32,23694
2019,4,"Les Corts",19,"les Corts",33,23421
2019,4,"Les Corts",19,"les Corts",34,29855
2019,4,"Les Corts",19,"les Corts",35,27694
2019,4,"Les Corts",20,"la Maternitat i Sant Ramon",36,21978
2019,4,"Les Corts",20,"la Maternitat i Sant Ramon",37,24546
2019,4,"Les Corts",20,"la Maternitat i Sant Ramon",38,26055
2019,4,"Les Corts",20,"la Maternitat i Sant Ramon",39,21863
2019,4,"Les Corts",20,"la Maternitat i Sant Ramon",40,18125
2019,4,"Les Corts",20,"la Maternitat i Sant Ramon",41,19106
2019,4,"Les Corts",20,"la Maternitat i Sant Ramon",42,19340
2019,4,"Les Corts",20,"la Maternitat i Sant Ramon",43,28991
2019,4,"Les Corts",20,"la Maternitat i Sant Ramon",44,22397
2019,4,"Les Corts",20,"la Maternitat i Sant Ramon",45,21266
2019,4,"Les Corts",20,"la Maternitat i Sant Ramon",46,33221
2019,4,"Les Corts",20,"la Maternitat i Sant Ramon",47,26143
2019,4,"Les Corts",20,"la Maternitat i Sant Ramon",48,28676
2019,4,"Les Corts",20,"la Maternitat i Sant Ramon",49,38348
2019,4,"Les Corts",21,"Pedralbes",50,46204
2019,4,"Les Corts",21,"Pedralbes",51,30778
2019,4,"Les Corts",21,"Pedralbes",52,46204
2019,4,"Les Corts",21,"Pedralbes",53,31363
2019,4,"Les Corts",21,"Pedralbes",54,44710
2019,4,"Les Corts",21,"Pedralbes",55,46204
2019,4,"Les Corts",21,"Pedralbes",56,46204
2019,4,"Les Corts",20,"la Maternitat i Sant Ramon",84,31323
2019,5,"Sarrià-Sant Gervasi",22,"Vallvidrera, el Tibidabo i les Planes",1,18411
2019,5,"Sarrià-Sant Gervasi",22,"Vallvidrera, el Tibidabo i les Planes",2,34484
2019,5,"Sarrià-Sant Gervasi",22,"Vallvidrera, el Tibidabo i les Planes",3,38334
2019,5,"Sarrià-Sant Gervasi",23,"Sarrià",4,46204
2019,5,"Sarrià-Sant Gervasi",23,"Sarrià",5,40435
2019,5,"Sarrià-Sant Gervasi",23,"Sarrià",6,46204
2019,5,"Sarrià-Sant Gervasi",23,"Sarrià",7,42394
2019,5,"Sarrià-Sant Gervasi",23,"Sarrià",8,46204
2019,5,"Sarrià-Sant Gervasi",23,"Sarrià",9,34418
2019,5,"Sarrià-Sant Gervasi",23,"Sarrià",10,29204
2019,5,"Sarrià-Sant Gervasi",23,"Sarrià",11,37102
2019,5,"Sarrià-Sant Gervasi",23,"Sarrià",12,28895
2019,5,"Sarrià-Sant Gervasi",23,"Sarrià",13,34237
2019,5,"Sarrià-Sant Gervasi",23,"Sarrià",14,38109
2019,5,"Sarrià-Sant Gervasi",23,"Sarrià",15,32407
2019,5,"Sarrià-Sant Gervasi",23,"Sarrià",16,26995
2019,5,"Sarrià-Sant Gervasi",23,"Sarrià",17,46204
2019,5,"Sarrià-Sant Gervasi",23,"Sarrià",18,33821
2019,5,"Sarrià-Sant Gervasi",23,"Sarrià",19,43884
2019,5,"Sarrià-Sant Gervasi",24,"les Tres Torres",20,42157
2019,5,"Sarrià-Sant Gervasi",24,"les Tres Torres",21,46204
2019,5,"Sarrià-Sant Gervasi",24,"les Tres Torres",22,46204
2019,5,"Sarrià-Sant Gervasi",24,"les Tres Torres",23,28085
2019,5,"Sarrià-Sant Gervasi",24,"les Tres Torres",24,46204
2019,5,"Sarrià-Sant Gervasi",24,"les Tres Torres",25,46204
2019,5,"Sarrià-Sant Gervasi",24,"les Tres Torres",26,46204
2019,5,"Sarrià-Sant Gervasi",24,"les Tres Torres",27,46204
2019,5,"Sarrià-Sant Gervasi",24,"les Tres Torres",28,46204
2019,5,"Sarrià-Sant Gervasi",24,"les Tres Torres",29,46204
2019,5,"Sarrià-Sant Gervasi",24,"les Tres Torres",30,46204
2019,5,"Sarrià-Sant Gervasi",25,"Sant Gervasi - la Bonanova",31,46204
2019,5,"Sarrià-Sant Gervasi",25,"Sant Gervasi - la Bonanova",32,46204
2019,5,"Sarrià-Sant Gervasi",25,"Sant Gervasi - la Bonanova",33,46204
2019,5,"Sarrià-Sant Gervasi",25,"Sant Gervasi - la Bonanova",34,35271
2019,5,"Sarrià-Sant Gervasi",25,"Sant Gervasi - la Bonanova",35,46204
2019,5,"Sarrià-Sant Gervasi",25,"Sant Gervasi - la Bonanova",36,45527
2019,5,"Sarrià-Sant Gervasi",25,"Sant Gervasi - la Bonanova",37,31723
2019,5,"Sarrià-Sant Gervasi",25,"Sant Gervasi - la Bonanova",38,28868
2019,5,"Sarrià-Sant Gervasi",25,"Sant Gervasi - la Bonanova",39,40352
2019,5,"Sarrià-Sant Gervasi",25,"Sant Gervasi - la Bonanova",40,30358
2019,5,"Sarrià-Sant Gervasi",25,"Sant Gervasi - la Bonanova",41,33066
2019,5,"Sarrià-Sant Gervasi",25,"Sant Gervasi - la Bonanova",42,29887
2019,5,"Sarrià-Sant Gervasi",25,"Sant Gervasi - la Bonanova",43,31633
2019,5,"Sarrià-Sant Gervasi",25,"Sant Gervasi - la Bonanova",44,28405
2019,5,"Sarrià-Sant Gervasi",25,"Sant Gervasi - la Bonanova",45,39690
2019,5,"Sarrià-Sant Gervasi",25,"Sant Gervasi - la Bonanova",46,46204
2019,5,"Sarrià-Sant Gervasi",25,"Sant Gervasi - la Bonanova",47,40632
2019,5,"Sarrià-Sant Gervasi",25,"Sant Gervasi - la Bonanova",48,41434
2019,5,"Sarrià-Sant Gervasi",26,"Sant Gervasi - Galvany",49,46204
2019,5,"Sarrià-Sant Gervasi",26,"Sant Gervasi - Galvany",50,36698
2019,5,"Sarrià-Sant Gervasi",26,"Sant Gervasi - Galvany",51,43994
2019,5,"Sarrià-Sant Gervasi",26,"Sant Gervasi - Galvany",52,46204
2019,5,"Sarrià-Sant Gervasi",26,"Sant Gervasi - Galvany",53,46204
2019,5,"Sarrià-Sant Gervasi",26,"Sant Gervasi - Galvany",54,46204
2019,5,"Sarrià-Sant Gervasi",26,"Sant Gervasi - Galvany",55,46204
2019,5,"Sarrià-Sant Gervasi",26,"Sant Gervasi - Galvany",56,46204
2019,5,"Sarrià-Sant Gervasi",26,"Sant Gervasi - Galvany",57,46204
2019,5,"Sarrià-Sant Gervasi",26,"Sant Gervasi - Galvany",58,46204
2019,5,"Sarrià-Sant Gervasi",26,"Sant Gervasi - Galvany",59,46204
2019,5,"Sarrià-Sant Gervasi",26,"Sant Gervasi - Galvany",60,46204
2019,5,"Sarrià-Sant Gervasi",26,"Sant Gervasi - Galvany",61,32743
2019,5,"Sarrià-Sant Gervasi",26,"Sant Gervasi - Galvany",62,43145
2019,5,"Sarrià-Sant Gervasi",26,"Sant Gervasi - Galvany",63,41713
2019,5,"Sarrià-Sant Gervasi",26,"Sant Gervasi - Galvany",64,35371
2019,5,"Sarrià-Sant Gervasi",26,"Sant Gervasi - Galvany",65,31764
2019,5,"Sarrià-Sant Gervasi",26,"Sant Gervasi - Galvany",66,42181
2019,5,"Sarrià-Sant Gervasi",26,"Sant Gervasi - Galvany",67,41290
2019,5,"Sarrià-Sant Gervasi",26,"Sant Gervasi - Galvany",68,33566
2019,5,"Sarrià-Sant Gervasi",26,"Sant Gervasi - Galvany",69,34668
2019,5,"Sarrià-Sant Gervasi",26,"Sant Gervasi - Galvany",70,31816
2019,5,"Sarrià-Sant Gervasi",26,"Sant Gervasi - Galvany",71,28714
2019,5,"Sarrià-Sant Gervasi",26,"Sant Gervasi - Galvany",72,37828
2019,5,"Sarrià-Sant Gervasi",26,"Sant Gervasi - Galvany",73,31972
2019,5,"Sarrià-Sant Gervasi",26,"Sant Gervasi - Galvany",74,35563
2019,5,"Sarrià-Sant Gervasi",26,"Sant Gervasi - Galvany",75,33856
2019,5,"Sarrià-Sant Gervasi",26,"Sant Gervasi - Galvany",76,34500
2019,5,"Sarrià-Sant Gervasi",26,"Sant Gervasi - Galvany",77,39183
2019,5,"Sarrià-Sant Gervasi",26,"Sant Gervasi - Galvany",78,36550
2019,5,"Sarrià-Sant Gervasi",26,"Sant Gervasi - Galvany",79,32844
2019,5,"Sarrià-Sant Gervasi",27,"el Putget i Farró",80,28432
2019,5,"Sarrià-Sant Gervasi",27,"el Putget i Farró",81,30892
2019,5,"Sarrià-Sant Gervasi",27,"el Putget i Farró",82,26057
2019,5,"Sarrià-Sant Gervasi",27,"el Putget i Farró",83,26908
2019,5,"Sarrià-Sant Gervasi",27,"el Putget i Farró",84,30177
2019,5,"Sarrià-Sant Gervasi",27,"el Putget i Farró",85,24399
2019,5,"Sarrià-Sant Gervasi",27,"el Putget i Farró",86,26773
2019,5,"Sarrià-Sant Gervasi",27,"el Putget i Farró",87,29235
2019,5,"Sarrià-Sant Gervasi",27,"el Putget i Farró",88,28982
2019,5,"Sarrià-Sant Gervasi",27,"el Putget i Farró",89,30543
2019,5,"Sarrià-Sant Gervasi",27,"el Putget i Farró",90,28222
2019,5,"Sarrià-Sant Gervasi",27,"el Putget i Farró",91,27726
2019,5,"Sarrià-Sant Gervasi",27,"el Putget i Farró",92,43771
2019,5,"Sarrià-Sant Gervasi",27,"el Putget i Farró",93,34277
2019,5,"Sarrià-Sant Gervasi",27,"el Putget i Farró",94,35361
2019,5,"Sarrià-Sant Gervasi",27,"el Putget i Farró",95,26357
2019,5,"Sarrià-Sant Gervasi",27,"el Putget i Farró",96,25273
2019,5,"Sarrià-Sant Gervasi",27,"el Putget i Farró",97,31571
2019,5,"Sarrià-Sant Gervasi",27,"el Putget i Farró",98,25560
2019,6,"Gràcia",28,"Vallcarca i els Penitents",1,22202
2019,6,"Gràcia",28,"Vallcarca i els Penitents",2,22564
2019,6,"Gràcia",28,"Vallcarca i els Penitents",3,20726
2019,6,"Gràcia",28,"Vallcarca i els Penitents",4,23111
2019,6,"Gràcia",28,"Vallcarca i els Penitents",6,30551
2019,6,"Gràcia",28,"Vallcarca i els Penitents",7,25829
2019,6,"Gràcia",28,"Vallcarca i els Penitents",8,22815
2019,6,"Gràcia",28,"Vallcarca i els Penitents",9,31325
2019,6,"Gràcia",28,"Vallcarca i els Penitents",10,26491
2019,6,"Gràcia",28,"Vallcarca i els Penitents",11,25461
2019,6,"Gràcia",28,"Vallcarca i els Penitents",12,29074
2019,6,"Gràcia",29,"el Coll",13,23120
2019,6,"Gràcia",29,"el Coll",14,21009
2019,6,"Gràcia",29,"el Coll",15,18101
2019,6,"Gràcia",29,"el Coll",16,17801
2019,6,"Gràcia",29,"el Coll",17,17904
2019,6,"Gràcia",30,"la Salut",18,20964
2019,6,"Gràcia",30,"la Salut",19,21261
2019,6,"Gràcia",30,"la Salut",20,22319
2019,6,"Gràcia",30,"la Salut",21,25796
2019,6,"Gràcia",30,"la Salut",22,23742
2019,6,"Gràcia",30,"la Salut",23,32082
2019,6,"Gràcia",30,"la Salut",24,23019
2019,6,"Gràcia",30,"la Salut",25,25211
2019,6,"Gràcia",30,"la Salut",26,24137
2019,6,"Gràcia",30,"la Salut",27,25879
2019,6,"Gràcia",31,"Vila de Gràcia",28,21047
2019,6,"Gràcia",31,"Vila de Gràcia",29,22972
2019,6,"Gràcia",31,"Vila de Gràcia",30,20625
2019,6,"Gràcia",31,"Vila de Gràcia",31,23301
2019,6,"Gràcia",31,"Vila de Gràcia",32,20694
2019,6,"Gràcia",31,"Vila de Gràcia",33,22139
2019,6,"Gràcia",31,"Vila de Gràcia",34,21722
2019,6,"Gràcia",31,"Vila de Gràcia",35,27898
2019,6,"Gràcia",31,"Vila de Gràcia",36,26203
2019,6,"Gràcia",31,"Vila de Gràcia",37,23403
2019,6,"Gràcia",31,"Vila de Gràcia",38,22450
2019,6,"Gràcia",31,"Vila de Gràcia",39,20868
2019,6,"Gràcia",31,"Vila de Gràcia",40,24400
2019,6,"Gràcia",31,"Vila de Gràcia",41,25943
2019,6,"Gràcia",31,"Vila de Gràcia",42,28555
2019,6,"Gràcia",31,"Vila de Gràcia",43,28829
2019,6,"Gràcia",31,"Vila de Gràcia",44,31497
2019,6,"Gràcia",31,"Vila de Gràcia",45,23743
2019,6,"Gràcia",31,"Vila de Gràcia",46,21025
2019,6,"Gràcia",31,"Vila de Gràcia",47,19761
2019,6,"Gràcia",31,"Vila de Gràcia",48,21035
2019,6,"Gràcia",31,"Vila de Gràcia",49,22109
2019,6,"Gràcia",31,"Vila de Gràcia",50,19636
2019,6,"Gràcia",31,"Vila de Gràcia",51,22242
2019,6,"Gràcia",31,"Vila de Gràcia",52,21075
2019,6,"Gràcia",31,"Vila de Gràcia",53,22251
2019,6,"Gràcia",31,"Vila de Gràcia",54,21049
2019,6,"Gràcia",31,"Vila de Gràcia",55,22142
2019,6,"Gràcia",31,"Vila de Gràcia",56,19501
2019,6,"Gràcia",31,"Vila de Gràcia",57,21250
2019,6,"Gràcia",31,"Vila de Gràcia",58,23083
2019,6,"Gràcia",31,"Vila de Gràcia",59,21821
2019,6,"Gràcia",31,"Vila de Gràcia",60,21208
2019,6,"Gràcia",31,"Vila de Gràcia",61,21612
2019,6,"Gràcia",31,"Vila de Gràcia",62,20785
2019,6,"Gràcia",31,"Vila de Gràcia",63,20161
2019,6,"Gràcia",32,"el Camp d'en Grassot i Gràcia Nova",64,23563
2019,6,"Gràcia",32,"el Camp d'en Grassot i Gràcia Nova",65,27012
2019,6,"Gràcia",32,"el Camp d'en Grassot i Gràcia Nova",66,21093
2019,6,"Gràcia",32,"el Camp d'en Grassot i Gràcia Nova",67,23182
2019,6,"Gràcia",32,"el Camp d'en Grassot i Gràcia Nova",68,27062
2019,6,"Gràcia",32,"el Camp d'en Grassot i Gràcia Nova",69,24703
2019,6,"Gràcia",32,"el Camp d'en Grassot i Gràcia Nova",70,21936
2019,6,"Gràcia",32,"el Camp d'en Grassot i Gràcia Nova",71,22967
2019,6,"Gràcia",32,"el Camp d'en Grassot i Gràcia Nova",72,25888
2019,6,"Gràcia",32,"el Camp d'en Grassot i Gràcia Nova",73,22282
2019,6,"Gràcia",32,"el Camp d'en Grassot i Gràcia Nova",74,21613
2019,6,"Gràcia",32,"el Camp d'en Grassot i Gràcia Nova",75,26280
2019,6,"Gràcia",32,"el Camp d'en Grassot i Gràcia Nova",76,23902
2019,6,"Gràcia",32,"el Camp d'en Grassot i Gràcia Nova",77,21318
2019,6,"Gràcia",32,"el Camp d'en Grassot i Gràcia Nova",78,20834
2019,6,"Gràcia",32,"el Camp d'en Grassot i Gràcia Nova",79,22886
2019,6,"Gràcia",32,"el Camp d'en Grassot i Gràcia Nova",80,22036
2019,6,"Gràcia",32,"el Camp d'en Grassot i Gràcia Nova",81,22661
2019,6,"Gràcia",32,"el Camp d'en Grassot i Gràcia Nova",82,24294
2019,6,"Gràcia",32,"el Camp d'en Grassot i Gràcia Nova",83,26568
2019,6,"Gràcia",32,"el Camp d'en Grassot i Gràcia Nova",84,22553
2019,6,"Gràcia",32,"el Camp d'en Grassot i Gràcia Nova",85,24752
2019,6,"Gràcia",32,"el Camp d'en Grassot i Gràcia Nova",86,28284
2019,6,"Gràcia",32,"el Camp d'en Grassot i Gràcia Nova",87,28972
2019,6,"Gràcia",32,"el Camp d'en Grassot i Gràcia Nova",88,23662
2019,7,"Horta-Guinardó",33,"el Baix Guinardó",1,23925
2019,7,"Horta-Guinardó",33,"el Baix Guinardó",2,19454
2019,7,"Horta-Guinardó",33,"el Baix Guinardó",3,22026
2019,7,"Horta-Guinardó",33,"el Baix Guinardó",4,19181
2019,7,"Horta-Guinardó",33,"el Baix Guinardó",5,19772
2019,7,"Horta-Guinardó",33,"el Baix Guinardó",6,23133
2019,7,"Horta-Guinardó",33,"el Baix Guinardó",7,18755
2019,7,"Horta-Guinardó",33,"el Baix Guinardó",8,21032
2019,7,"Horta-Guinardó",33,"el Baix Guinardó",9,18696
2019,7,"Horta-Guinardó",33,"el Baix Guinardó",10,20881
2019,7,"Horta-Guinardó",33,"el Baix Guinardó",11,20810
2019,7,"Horta-Guinardó",33,"el Baix Guinardó",12,19242
2019,7,"Horta-Guinardó",33,"el Baix Guinardó",13,24736
2019,7,"Horta-Guinardó",33,"el Baix Guinardó",14,18122
2019,7,"Horta-Guinardó",33,"el Baix Guinardó",15,19895
2019,7,"Horta-Guinardó",33,"el Baix Guinardó",16,22215
2019,7,"Horta-Guinardó",33,"el Baix Guinardó",17,19491
2019,7,"Horta-Guinardó",33,"el Baix Guinardó",18,20013
2019,7,"Horta-Guinardó",33,"el Baix Guinardó",19,19813
2019,7,"Horta-Guinardó",34,"Can Baró",20,19367
2019,7,"Horta-Guinardó",34,"Can Baró",21,23975
2019,7,"Horta-Guinardó",34,"Can Baró",22,18294
2019,7,"Horta-Guinardó",34,"Can Baró",23,15274
2019,7,"Horta-Guinardó",34,"Can Baró",24,18473
2019,7,"Horta-Guinardó",34,"Can Baró",25,17142
2019,7,"Horta-Guinardó",34,"Can Baró",26,18155
2019,7,"Horta-Guinardó",35,"el Guinardó",27,17371
2019,7,"Horta-Guinardó",35,"el Guinardó",28,19696
2019,7,"Horta-Guinardó",35,"el Guinardó",29,21419
2019,7,"Horta-Guinardó",35,"el Guinardó",30,17139
2019,7,"Horta-Guinardó",35,"el Guinardó",31,16748
2019,7,"Horta-Guinardó",35,"el Guinardó",32,19510
2019,7,"Horta-Guinardó",35,"el Guinardó",33,20244
2019,7,"Horta-Guinardó",35,"el Guinardó",34,22039
2019,7,"Horta-Guinardó",35,"el Guinardó",35,21989
2019,7,"Horta-Guinardó",35,"el Guinardó",36,22435
2019,7,"Horta-Guinardó",35,"el Guinardó",37,19181
2019,7,"Horta-Guinardó",35,"el Guinardó",38,19352
2019,7,"Horta-Guinardó",35,"el Guinardó",39,22219
2019,7,"Horta-Guinardó",35,"el Guinardó",40,19697
2019,7,"Horta-Guinardó",35,"el Guinardó",41,18754
2019,7,"Horta-Guinardó",35,"el Guinardó",42,20044
2019,7,"Horta-Guinardó",35,"el Guinardó",43,19737
2019,7,"Horta-Guinardó",35,"el Guinardó",44,21260
2019,7,"Horta-Guinardó",35,"el Guinardó",45,18479
2019,7,"Horta-Guinardó",35,"el Guinardó",46,18400
2019,7,"Horta-Guinardó",35,"el Guinardó",47,19178
2019,7,"Horta-Guinardó",35,"el Guinardó",48,19226
2019,7,"Horta-Guinardó",35,"el Guinardó",49,19622
2019,7,"Horta-Guinardó",35,"el Guinardó",50,18661
2019,7,"Horta-Guinardó",35,"el Guinardó",51,19410
2019,7,"Horta-Guinardó",36,"la Font d'en Fargues",52,26194
2019,7,"Horta-Guinardó",36,"la Font d'en Fargues",53,21306
2019,7,"Horta-Guinardó",36,"la Font d'en Fargues",54,27077
2019,7,"Horta-Guinardó",36,"la Font d'en Fargues",55,29201
2019,7,"Horta-Guinardó",36,"la Font d'en Fargues",56,21611
2019,7,"Horta-Guinardó",36,"la Font d'en Fargues",57,22581
2019,7,"Horta-Guinardó",36,"la Font d'en Fargues",58,21259
2019,7,"Horta-Guinardó",37,"el Carmel",59,14854
2019,7,"Horta-Guinardó",37,"el Carmel",60,14271
2019,7,"Horta-Guinardó",37,"el Carmel",61,14987
2019,7,"Horta-Guinardó",37,"el Carmel",62,14894
2019,7,"Horta-Guinardó",37,"el Carmel",63,13146
2019,7,"Horta-Guinardó",37,"el Carmel",64,14456
2019,7,"Horta-Guinardó",37,"el Carmel",65,12469
2019,7,"Horta-Guinardó",37,"el Carmel",66,12544
2019,7,"Horta-Guinardó",37,"el Carmel",67,12472
2019,7,"Horta-Guinardó",37,"el Carmel",68,12005
2019,7,"Horta-Guinardó",37,"el Carmel",69,13066
2019,7,"Horta-Guinardó",37,"el Carmel",70,13291
2019,7,"Horta-Guinardó",37,"el Carmel",71,16013
2019,7,"Horta-Guinardó",37,"el Carmel",72,14867
2019,7,"Horta-Guinardó",37,"el Carmel",73,13952
2019,7,"Horta-Guinardó",37,"el Carmel",74,15359
2019,7,"Horta-Guinardó",37,"el Carmel",75,13766
2019,7,"Horta-Guinardó",37,"el Carmel",76,13730
2019,7,"Horta-Guinardó",37,"el Carmel",77,13114
2019,7,"Horta-Guinardó",37,"el Carmel",78,14055
2019,7,"Horta-Guinardó",37,"el Carmel",79,13879
2019,7,"Horta-Guinardó",37,"el Carmel",80,14473
2019,7,"Horta-Guinardó",38,"la Teixonera",81,16124
2019,7,"Horta-Guinardó",38,"la Teixonera",82,14916
2019,7,"Horta-Guinardó",38,"la Teixonera",83,14926
2019,7,"Horta-Guinardó",38,"la Teixonera",84,15064
2019,7,"Horta-Guinardó",38,"la Teixonera",85,15882
2019,7,"Horta-Guinardó",38,"la Teixonera",86,14599
2019,7,"Horta-Guinardó",38,"la Teixonera",87,15112
2019,7,"Horta-Guinardó",38,"la Teixonera",88,15802
2019,7,"Horta-Guinardó",39,"Sant Genís dels Agudells",89,19631
2019,7,"Horta-Guinardó",39,"Sant Genís dels Agudells",90,16159
2019,7,"Horta-Guinardó",39,"Sant Genís dels Agudells",91,16451
2019,7,"Horta-Guinardó",39,"Sant Genís dels Agudells",92,13257
2019,7,"Horta-Guinardó",39,"Sant Genís dels Agudells",93,16345
2019,7,"Horta-Guinardó",40,"Montbau",94,17533
2019,7,"Horta-Guinardó",40,"Montbau",95,19037
2019,7,"Horta-Guinardó",40,"Montbau",96,16421
2019,7,"Horta-Guinardó",40,"Montbau",97,20160
2019,7,"Horta-Guinardó",41,"la Vall d'Hebron",98,25448
2019,7,"Horta-Guinardó",41,"la Vall d'Hebron",99,22031
2019,7,"Horta-Guinardó",41,"la Vall d'Hebron",100,18604
2019,7,"Horta-Guinardó",41,"la Vall d'Hebron",101,18823
2019,7,"Horta-Guinardó",42,"la Clota",102,17457
2019,7,"Horta-Guinardó",43,"Horta",103,17282
2019,7,"Horta-Guinardó",43,"Horta",104,15568
2019,7,"Horta-Guinardó",43,"Horta",105,20167
2019,7,"Horta-Guinardó",43,"Horta",106,19331
2019,7,"Horta-Guinardó",43,"Horta",107,23445
2019,7,"Horta-Guinardó",43,"Horta",108,20021
2019,7,"Horta-Guinardó",43,"Horta",109,15703
2019,7,"Horta-Guinardó",43,"Horta",110,20892
2019,7,"Horta-Guinardó",43,"Horta",111,23822
2019,7,"Horta-Guinardó",43,"Horta",112,19567
2019,7,"Horta-Guinardó",43,"Horta",113,17387
2019,7,"Horta-Guinardó",43,"Horta",114,20358
2019,7,"Horta-Guinardó",43,"Horta",115,23931
2019,7,"Horta-Guinardó",43,"Horta",116,18300
2019,7,"Horta-Guinardó",43,"Horta",117,19366
2019,7,"Horta-Guinardó",43,"Horta",118,19160
2019,7,"Horta-Guinardó",43,"Horta",119,16684
2019,7,"Horta-Guinardó",43,"Horta",120,17350
2019,7,"Horta-Guinardó",43,"Horta",121,15685
2019,7,"Horta-Guinardó",43,"Horta",122,18080
2019,7,"Horta-Guinardó",43,"Horta",123,18983
2019,8,"Nou Barris",44,"Vilapicina i la Torre Llobeta",1,17449
2019,8,"Nou Barris",44,"Vilapicina i la Torre Llobeta",2,19808
2019,8,"Nou Barris",44,"Vilapicina i la Torre Llobeta",3,17574
2019,8,"Nou Barris",44,"Vilapicina i la Torre Llobeta",4,16230
2019,8,"Nou Barris",44,"Vilapicina i la Torre Llobeta",5,18300
2019,8,"Nou Barris",44,"Vilapicina i la Torre Llobeta",6,18582
2019,8,"Nou Barris",44,"Vilapicina i la Torre Llobeta",7,18788
2019,8,"Nou Barris",44,"Vilapicina i la Torre Llobeta",8,18779
2019,8,"Nou Barris",44,"Vilapicina i la Torre Llobeta",9,16640
2019,8,"Nou Barris",44,"Vilapicina i la Torre Llobeta",10,19320
2019,8,"Nou Barris",44,"Vilapicina i la Torre Llobeta",11,20819
2019,8,"Nou Barris",44,"Vilapicina i la Torre Llobeta",12,17923
2019,8,"Nou Barris",44,"Vilapicina i la Torre Llobeta",13,18430
2019,8,"Nou Barris",44,"Vilapicina i la Torre Llobeta",14,16152
2019,8,"Nou Barris",44,"Vilapicina i la Torre Llobeta",15,16219
2019,8,"Nou Barris",44,"Vilapicina i la Torre Llobeta",16,16746
2019,8,"Nou Barris",44,"Vilapicina i la Torre Llobeta",17,19264
2019,8,"Nou Barris",44,"Vilapicina i la Torre Llobeta",18,17928
2019,8,"Nou Barris",44,"Vilapicina i la Torre Llobeta",19,16280
2019,8,"Nou Barris",45,"Porta",20,16464
2019,8,"Nou Barris",45,"Porta",21,17446
2019,8,"Nou Barris",45,"Porta",22,17718
2019,8,"Nou Barris",45,"Porta",23,15764
2019,8,"Nou Barris",45,"Porta",24,16956
2019,8,"Nou Barris",45,"Porta",25,15109
2019,8,"Nou Barris",45,"Porta",26,17168
2019,8,"Nou Barris",45,"Porta",27,18713
2019,8,"Nou Barris",45,"Porta",28,15568
2019,8,"Nou Barris",45,"Porta",29,14008
2019,8,"Nou Barris",45,"Porta",30,14400
2019,8,"Nou Barris",45,"Porta",31,16027
2019,8,"Nou Barris",45,"Porta",32,16999
2019,8,"Nou Barris",45,"Porta",33,14331
2019,8,"Nou Barris",45,"Porta",34,12779
2019,8,"Nou Barris",45,"Porta",35,15690
2019,8,"Nou Barris",45,"Porta",36,12683
2019,8,"Nou Barris",45,"Porta",37,14825
2019,8,"Nou Barris",46,"el Turó de la Peira",38,13873
2019,8,"Nou Barris",46,"el Turó de la Peira",39,14806
2019,8,"Nou Barris",46,"el Turó de la Peira",40,11692
2019,8,"Nou Barris",46,"el Turó de la Peira",41,10212
2019,8,"Nou Barris",46,"el Turó de la Peira",42,16804
2019,8,"Nou Barris",46,"el Turó de la Peira",43,14466
2019,8,"Nou Barris",46,"el Turó de la Peira",44,12487
2019,8,"Nou Barris",46,"el Turó de la Peira",45,12410
2019,8,"Nou Barris",46,"el Turó de la Peira",46,13523
2019,8,"Nou Barris",46,"el Turó de la Peira",47,11273
2019,8,"Nou Barris",47,"Can Peguera",48,10229
2019,8,"Nou Barris",47,"Can Peguera",49,12989
2019,8,"Nou Barris",48,"la Guineueta",50,19769
2019,8,"Nou Barris",48,"la Guineueta",51,18666
2019,8,"Nou Barris",48,"la Guineueta",52,17061
2019,8,"Nou Barris",48,"la Guineueta",53,19061
2019,8,"Nou Barris",48,"la Guineueta",54,17414
2019,8,"Nou Barris",48,"la Guineueta",55,22327
2019,8,"Nou Barris",48,"la Guineueta",56,15938
2019,8,"Nou Barris",48,"la Guineueta",57,15473
2019,8,"Nou Barris",48,"la Guineueta",58,14141
2019,8,"Nou Barris",48,"la Guineueta",59,16054
2019,8,"Nou Barris",49,"Canyelles",60,17533
2019,8,"Nou Barris",49,"Canyelles",61,14985
2019,8,"Nou Barris",49,"Canyelles",62,16930
2019,8,"Nou Barris",49,"Canyelles",63,19840
2019,8,"Nou Barris",49,"Canyelles",64,14808
2019,8,"Nou Barris",50,"les Roquetes",65,10907
2019,8,"Nou Barris",50,"les Roquetes",66,10490
2019,8,"Nou Barris",50,"les Roquetes",67,13143
2019,8,"Nou Barris",50,"les Roquetes",68,11528
2019,8,"Nou Barris",50,"les Roquetes",69,11506
2019,8,"Nou Barris",50,"les Roquetes",70,11021
2019,8,"Nou Barris",50,"les Roquetes",71,12146
2019,8,"Nou Barris",50,"les Roquetes",72,13653
2019,8,"Nou Barris",50,"les Roquetes",73,10979
2019,8,"Nou Barris",50,"les Roquetes",74,11363
2019,8,"Nou Barris",51,"Verdun",75,13245
2019,8,"Nou Barris",51,"Verdun",76,14211
2019,8,"Nou Barris",51,"Verdun",77,11191
2019,8,"Nou Barris",51,"Verdun",78,11954
2019,8,"Nou Barris",51,"Verdun",79,12216
2019,8,"Nou Barris",51,"Verdun",80,13537
2019,8,"Nou Barris",51,"Verdun",81,11474
2019,8,"Nou Barris",51,"Verdun",82,13157
2019,8,"Nou Barris",52,"la Prosperitat",83,13922
2019,8,"Nou Barris",52,"la Prosperitat",84,14472
2019,8,"Nou Barris",52,"la Prosperitat",85,13501
2019,8,"Nou Barris",52,"la Prosperitat",86,14503
2019,8,"Nou Barris",52,"la Prosperitat",87,14159
2019,8,"Nou Barris",52,"la Prosperitat",88,13367
2019,8,"Nou Barris",52,"la Prosperitat",89,13898
2019,8,"Nou Barris",52,"la Prosperitat",90,15154
2019,8,"Nou Barris",52,"la Prosperitat",91,14457
2019,8,"Nou Barris",52,"la Prosperitat",92,15365
2019,8,"Nou Barris",52,"la Prosperitat",93,13778
2019,8,"Nou Barris",52,"la Prosperitat",94,15032
2019,8,"Nou Barris",52,"la Prosperitat",95,18220
2019,8,"Nou Barris",52,"la Prosperitat",96,14279
2019,8,"Nou Barris",52,"la Prosperitat",97,13905
2019,8,"Nou Barris",52,"la Prosperitat",98,13284
2019,8,"Nou Barris",52,"la Prosperitat",99,15070
2019,8,"Nou Barris",52,"la Prosperitat",100,14287
2019,8,"Nou Barris",52,"la Prosperitat",101,14788
2019,8,"Nou Barris",52,"la Prosperitat",102,12072
2019,8,"Nou Barris",53,"la Trinitat Nova",103,10054
2019,8,"Nou Barris",53,"la Trinitat Nova",104,11338
2019,8,"Nou Barris",53,"la Trinitat Nova",105,11192
2019,8,"Nou Barris",53,"la Trinitat Nova",106,10707
2019,8,"Nou Barris",53,"la Trinitat Nova",107,11416
2019,8,"Nou Barris",54,"Torre Baró",108,10278
2019,8,"Nou Barris",54,"Torre Baró",109,10300
2019,8,"Nou Barris",55,"Ciutat Meridiana",110,8317
2019,8,"Nou Barris",55,"Ciutat Meridiana",111,9461
2019,8,"Nou Barris",55,"Ciutat Meridiana",112,9815
2019,8,"Nou Barris",55,"Ciutat Meridiana",113,9545
2019,8,"Nou Barris",55,"Ciutat Meridiana",114,10161
2019,8,"Nou Barris",55,"Ciutat Meridiana",115,10039
2019,8,"Nou Barris",56,"Vallbona",116,10844
2019,8,"Nou Barris",48,"la Guineueta",215,18232
2019,9,"Sant Andreu",57,"la Trinitat Vella",1,8860
2019,9,"Sant Andreu",57,"la Trinitat Vella",2,10230
2019,9,"Sant Andreu",57,"la Trinitat Vella",3,10252
2019,9,"Sant Andreu",57,"la Trinitat Vella",4,11439
2019,9,"Sant Andreu",57,"la Trinitat Vella",5,15121
2019,9,"Sant Andreu",58,"Baró de Viver",6,10758
2019,9,"Sant Andreu",58,"Baró de Viver",7,10405
2019,9,"Sant Andreu",59,"el Bon Pastor",8,22324
2019,9,"Sant Andreu",59,"el Bon Pastor",9,16323
2019,9,"Sant Andreu",59,"el Bon Pastor",10,14318
2019,9,"Sant Andreu",59,"el Bon Pastor",11,12314
2019,9,"Sant Andreu",59,"el Bon Pastor",13,10609
2019,9,"Sant Andreu",59,"el Bon Pastor",14,11914
2019,9,"Sant Andreu",59,"el Bon Pastor",15,12929
2019,9,"Sant Andreu",60,"Sant Andreu",16,19210
2019,9,"Sant Andreu",60,"Sant Andreu",17,19647
2019,9,"Sant Andreu",60,"Sant Andreu",18,17990
2019,9,"Sant Andreu",60,"Sant Andreu",19,20900
2019,9,"Sant Andreu",60,"Sant Andreu",20,19931
2019,9,"Sant Andreu",60,"Sant Andreu",21,21612
2019,9,"Sant Andreu",60,"Sant Andreu",22,21160
2019,9,"Sant Andreu",60,"Sant Andreu",23,21371
2019,9,"Sant Andreu",60,"Sant Andreu",24,19865
2019,9,"Sant Andreu",60,"Sant Andreu",25,21047
2019,9,"Sant Andreu",60,"Sant Andreu",26,21325
2019,9,"Sant Andreu",60,"Sant Andreu",27,20800
2019,9,"Sant Andreu",60,"Sant Andreu",28,23452
2019,9,"Sant Andreu",60,"Sant Andreu",29,19230
2019,9,"Sant Andreu",60,"Sant Andreu",30,21033
2019,9,"Sant Andreu",60,"Sant Andreu",31,21788
2019,9,"Sant Andreu",60,"Sant Andreu",32,15311
2019,9,"Sant Andreu",60,"Sant Andreu",33,17961
2019,9,"Sant Andreu",60,"Sant Andreu",34,16725
2019,9,"Sant Andreu",60,"Sant Andreu",35,18705
2019,9,"Sant Andreu",60,"Sant Andreu",36,19943
2019,9,"Sant Andreu",60,"Sant Andreu",37,15272
2019,9,"Sant Andreu",60,"Sant Andreu",38,21137
2019,9,"Sant Andreu",60,"Sant Andreu",39,19747
2019,9,"Sant Andreu",60,"Sant Andreu",40,20366
2019,9,"Sant Andreu",60,"Sant Andreu",41,18614
2019,9,"Sant Andreu",60,"Sant Andreu",42,21387
2019,9,"Sant Andreu",60,"Sant Andreu",43,18804
2019,9,"Sant Andreu",60,"Sant Andreu",44,19871
2019,9,"Sant Andreu",60,"Sant Andreu",45,20004
2019,9,"Sant Andreu",60,"Sant Andreu",46,20604
2019,9,"Sant Andreu",60,"Sant Andreu",47,21956
2019,9,"Sant Andreu",60,"Sant Andreu",48,19507
2019,9,"Sant Andreu",60,"Sant Andreu",49,17871
2019,9,"Sant Andreu",60,"Sant Andreu",50,20774
2019,9,"Sant Andreu",60,"Sant Andreu",51,21084
2019,9,"Sant Andreu",60,"Sant Andreu",52,19719
2019,9,"Sant Andreu",60,"Sant Andreu",53,22026
2019,9,"Sant Andreu",60,"Sant Andreu",54,21253
2019,9,"Sant Andreu",61,"la Sagrera",55,16306
2019,9,"Sant Andreu",61,"la Sagrera",56,19631
2019,9,"Sant Andreu",61,"la Sagrera",57,16893
2019,9,"Sant Andreu",61,"la Sagrera",58,20262
2019,9,"Sant Andreu",61,"la Sagrera",59,18071
2019,9,"Sant Andreu",61,"la Sagrera",60,18979
2019,9,"Sant Andreu",61,"la Sagrera",61,21173
2019,9,"Sant Andreu",61,"la Sagrera",62,17092
2019,9,"Sant Andreu",61,"la Sagrera",63,21654
2019,9,"Sant Andreu",61,"la Sagrera",64,20646
2019,9,"Sant Andreu",61,"la Sagrera",65,17874
2019,9,"Sant Andreu",61,"la Sagrera",66,20377
2019,9,"Sant Andreu",61,"la Sagrera",67,16815
2019,9,"Sant Andreu",61,"la Sagrera",68,20356
2019,9,"Sant Andreu",61,"la Sagrera",69,18884
2019,9,"Sant Andreu",61,"la Sagrera",70,13895
2019,9,"Sant Andreu",61,"la Sagrera",71,17629
2019,9,"Sant Andreu",61,"la Sagrera",72,14787
2019,9,"Sant Andreu",61,"la Sagrera",73,18746
2019,9,"Sant Andreu",62,"el Congrés i els Indians",74,18090
2019,9,"Sant Andreu",62,"el Congrés i els Indians",75,17074
2019,9,"Sant Andreu",62,"el Congrés i els Indians",76,17418
2019,9,"Sant Andreu",62,"el Congrés i els Indians",77,17947
2019,9,"Sant Andreu",62,"el Congrés i els Indians",78,18250
2019,9,"Sant Andreu",62,"el Congrés i els Indians",79,19515
2019,9,"Sant Andreu",62,"el Congrés i els Indians",80,20072
2019,9,"Sant Andreu",62,"el Congrés i els Indians",81,19210
2019,9,"Sant Andreu",62,"el Congrés i els Indians",82,18209
2019,9,"Sant Andreu",63,"Navas",83,18790
2019,9,"Sant Andreu",63,"Navas",84,21550
2019,9,"Sant Andreu",63,"Navas",85,20060
2019,9,"Sant Andreu",63,"Navas",86,19098
2019,9,"Sant Andreu",63,"Navas",87,20650
2019,9,"Sant Andreu",63,"Navas",88,17951
2019,9,"Sant Andreu",63,"Navas",89,17773
2019,9,"Sant Andreu",63,"Navas",90,17869
2019,9,"Sant Andreu",63,"Navas",91,18606
2019,9,"Sant Andreu",63,"Navas",92,17987
2019,9,"Sant Andreu",63,"Navas",93,18900
2019,9,"Sant Andreu",63,"Navas",94,19002
2019,9,"Sant Andreu",63,"Navas",95,18105
2019,9,"Sant Andreu",61,"la Sagrera",156,18150
2019,10,"Sant Martí",64,"Camp de l'Arpa del Clot",1,16595
2019,10,"Sant Martí",64,"Camp de l'Arpa del Clot",2,17741
2019,10,"Sant Martí",64,"Camp de l'Arpa del Clot",3,19493
2019,10,"Sant Martí",64,"Camp de l'Arpa del Clot",4,18987
2019,10,"Sant Martí",64,"Camp de l'Arpa del Clot",5,20130
2019,10,"Sant Martí",64,"Camp de l'Arpa del Clot",6,21508
2019,10,"Sant Martí",64,"Camp de l'Arpa del Clot",7,25979
2019,10,"Sant Martí",64,"Camp de l'Arpa del Clot",8,19458
2019,10,"Sant Martí",64,"Camp de l'Arpa del Clot",9,19852
2019,10,"Sant Martí",64,"Camp de l'Arpa del Clot",10,18569
2019,10,"Sant Martí",64,"Camp de l'Arpa del Clot",11,22323
2019,10,"Sant Martí",64,"Camp de l'Arpa del Clot",12,21221
2019,10,"Sant Martí",64,"Camp de l'Arpa del Clot",13,18929
2019,10,"Sant Martí",64,"Camp de l'Arpa del Clot",14,18260
2019,10,"Sant Martí",64,"Camp de l'Arpa del Clot",15,19998
2019,10,"Sant Martí",64,"Camp de l'Arpa del Clot",16,20948
2019,10,"Sant Martí",64,"Camp de l'Arpa del Clot",17,19465
2019,10,"Sant Martí",64,"Camp de l'Arpa del Clot",18,18314
2019,10,"Sant Martí",64,"Camp de l'Arpa del Clot",19,20019
2019,10,"Sant Martí",64,"Camp de l'Arpa del Clot",20,17177
2019,10,"Sant Martí",64,"Camp de l'Arpa del Clot",21,17587
2019,10,"Sant Martí",64,"Camp de l'Arpa del Clot",22,18749
2019,10,"Sant Martí",64,"Camp de l'Arpa del Clot",23,18103
2019,10,"Sant Martí",64,"Camp de l'Arpa del Clot",24,19895
2019,10,"Sant Martí",64,"Camp de l'Arpa del Clot",25,18792
2019,10,"Sant Martí",65,"el Clot",26,20639
2019,10,"Sant Martí",65,"el Clot",27,19786
2019,10,"Sant Martí",65,"el Clot",28,18649
2019,10,"Sant Martí",65,"el Clot",29,18137
2019,10,"Sant Martí",65,"el Clot",30,18407
2019,10,"Sant Martí",65,"el Clot",31,19167
2019,10,"Sant Martí",65,"el Clot",32,20443
2019,10,"Sant Martí",65,"el Clot",33,23156
2019,10,"Sant Martí",65,"el Clot",34,18189
2019,10,"Sant Martí",65,"el Clot",35,21407
2019,10,"Sant Martí",65,"el Clot",36,22295
2019,10,"Sant Martí",65,"el Clot",37,14803
2019,10,"Sant Martí",65,"el Clot",38,19293
2019,10,"Sant Martí",65,"el Clot",39,17324
2019,10,"Sant Martí",65,"el Clot",40,18821
2019,10,"Sant Martí",65,"el Clot",41,19368
2019,10,"Sant Martí",66,"el Parc i la Llacuna del Poblenou",42,16460
2019,10,"Sant Martí",66,"el Parc i la Llacuna del Poblenou",43,17929
2019,10,"Sant Martí",66,"el Parc i la Llacuna del Poblenou",44,20016
2019,10,"Sant Martí",66,"el Parc i la Llacuna del Poblenou",45,22616
2019,10,"Sant Martí",66,"el Parc i la Llacuna del Poblenou",46,22676
2019,10,"Sant Martí",66,"el Parc i la Llacuna del Poblenou",47,22792
2019,10,"Sant Martí",66,"el Parc i la Llacuna del Poblenou",48,22006
2019,10,"Sant Martí",66,"el Parc i la Llacuna del Poblenou",49,20874
2019,10,"Sant Martí",66,"el Parc i la Llacuna del Poblenou",50,21905
2019,10,"Sant Martí",67,"la Vila Olímpica del Poblenou",51,22957
2019,10,"Sant Martí",67,"la Vila Olímpica del Poblenou",52,32132
2019,10,"Sant Martí",67,"la Vila Olímpica del Poblenou",53,36753
2019,10,"Sant Martí",67,"la Vila Olímpica del Poblenou",54,32374
2019,10,"Sant Martí",67,"la Vila Olímpica del Poblenou",55,35050
2019,10,"Sant Martí",68,"el Poblenou",56,18573
2019,10,"Sant Martí",68,"el Poblenou",57,18125
2019,10,"Sant Martí",68,"el Poblenou",58,17254
2019,10,"Sant Martí",68,"el Poblenou",59,22571
2019,10,"Sant Martí",68,"el Poblenou",60,17692
2019,10,"Sant Martí",68,"el Poblenou",61,23082
2019,10,"Sant Martí",68,"el Poblenou",62,22490
2019,10,"Sant Martí",68,"el Poblenou",63,21671
2019,10,"Sant Martí",68,"el Poblenou",64,22259
2019,10,"Sant Martí",68,"el Poblenou",65,22260
2019,10,"Sant Martí",68,"el Poblenou",66,22236
2019,10,"Sant Martí",68,"el Poblenou",67,28653
2019,10,"Sant Martí",68,"el Poblenou",68,23920
2019,10,"Sant Martí",68,"el Poblenou",69,24530
2019,10,"Sant Martí",68,"el Poblenou",70,19691
2019,10,"Sant Martí",68,"el Poblenou",71,23271
2019,10,"Sant Martí",68,"el Poblenou",72,19445
2019,10,"Sant Martí",68,"el Poblenou",73,17627
2019,10,"Sant Martí",68,"el Poblenou",74,18696
2019,10,"Sant Martí",68,"el Poblenou",75,17835
2019,10,"Sant Martí",69,"Diagonal Mar i el Front Marítim del Poblenou",76,23479
2019,10,"Sant Martí",69,"Diagonal Mar i el Front Marítim del Poblenou",77,26939
2019,10,"Sant Martí",69,"Diagonal Mar i el Front Marítim del Poblenou",78,26961
2019,10,"Sant Martí",69,"Diagonal Mar i el Front Marítim del Poblenou",79,22482
2019,10,"Sant Martí",69,"Diagonal Mar i el Front Marítim del Poblenou",80,36582
2019,10,"Sant Martí",70,"el Besòs i el Maresme",81,14086
2019,10,"Sant Martí",70,"el Besòs i el Maresme",82,8455
2019,10,"Sant Martí",70,"el Besòs i el Maresme",83,7554
2019,10,"Sant Martí",70,"el Besòs i el Maresme",84,10354
2019,10,"Sant Martí",70,"el Besòs i el Maresme",85,9441
2019,10,"Sant Martí",70,"el Besòs i el Maresme",86,11129
2019,10,"Sant Martí",70,"el Besòs i el Maresme",87,11088
2019,10,"Sant Martí",70,"el Besòs i el Maresme",88,15498
2019,10,"Sant Martí",70,"el Besòs i el Maresme",89,11108
2019,10,"Sant Martí",70,"el Besòs i el Maresme",90,13271
2019,10,"Sant Martí",70,"el Besòs i el Maresme",91,14307
2019,10,"Sant Martí",70,"el Besòs i el Maresme",92,17442
2019,10,"Sant Martí",70,"el Besòs i el Maresme",93,18248
2019,10,"Sant Martí",71,"Provençals del Poblenou",94,22011
2019,10,"Sant Martí",71,"Provençals del Poblenou",95,15886
2019,10,"Sant Martí",71,"Provençals del Poblenou",96,21834
2019,10,"Sant Martí",71,"Provençals del Poblenou",97,22450
2019,10,"Sant Martí",71,"Provençals del Poblenou",98,19394
2019,10,"Sant Martí",71,"Provençals del Poblenou",99,14036
2019,10,"Sant Martí",71,"Provençals del Poblenou",100,16263
2019,10,"Sant Martí",71,"Provençals del Poblenou",101,16323
2019,10,"Sant Martí",71,"Provençals del Poblenou",102,15356
2019,10,"Sant Martí",71,"Provençals del Poblenou",103,17512
2019,10,"Sant Martí",71,"Provençals del Poblenou",104,20141
2019,10,"Sant Martí",72,"Sant Martí de Provençals",105,18493
2019,10,"Sant Martí",72,"Sant Martí de Provençals",106,17770
2019,10,"Sant Martí",72,"Sant Martí de Provençals",107,22912
2019,10,"Sant Martí",72,"Sant Martí de Provençals",108,16520
2019,10,"Sant Martí",72,"Sant Martí de Provençals",109,15648
2019,10,"Sant Martí",72,"Sant Martí de Provençals",110,15639
2019,10,"Sant Martí",72,"Sant Martí de Provençals",111,16758
2019,10,"Sant Martí",72,"Sant Martí de Provençals",112,21623
2019,10,"Sant Martí",72,"Sant Martí de Provençals",113,16506
2019,10,"Sant Martí",72,"Sant Martí de Provençals",114,14558
2019,10,"Sant Martí",72,"Sant Martí de Provençals",115,15820
2019,10,"Sant Martí",72,"Sant Martí de Provençals",116,14152
2019,10,"Sant Martí",72,"Sant Martí de Provençals",117,16279
2019,10,"Sant Martí",72,"Sant Martí de Provençals",118,20844
2019,10,"Sant Martí",72,"Sant Martí de Provençals",119,14812
2019,10,"Sant Martí",72,"Sant Martí de Provençals",120,16101
2019,10,"Sant Martí",72,"Sant Martí de Provençals",121,15879
2019,10,"Sant Martí",72,"Sant Martí de Provençals",122,20147
2019,10,"Sant Martí",73,"la Verneda i la Pau",123,16903
2019,10,"Sant Martí",73,"la Verneda i la Pau",124,18193
2019,10,"Sant Martí",73,"la Verneda i la Pau",125,15912
2019,10,"Sant Martí",73,"la Verneda i la Pau",126,17293
2019,10,"Sant Martí",73,"la Verneda i la Pau",127,18415
2019,10,"Sant Martí",73,"la Verneda i la Pau",128,18611
2019,10,"Sant Martí",73,"la Verneda i la Pau",129,18385
2019,10,"Sant Martí",73,"la Verneda i la Pau",130,16782
2019,10,"Sant Martí",73,"la Verneda i la Pau",131,19985
2019,10,"Sant Martí",73,"la Verneda i la Pau",132,15453
2019,10,"Sant Martí",73,"la Verneda i la Pau",133,14982
2019,10,"Sant Martí",73,"la Verneda i la Pau",134,14945
2019,10,"Sant Martí",73,"la Verneda i la Pau",135,15032
2019,10,"Sant Martí",73,"la Verneda i la Pau",136,15407
2019,10,"Sant Martí",73,"la Verneda i la Pau",137,13504
2019,10,"Sant Martí",73,"la Verneda i la Pau",138,12362
2019,10,"Sant Martí",73,"la Verneda i la Pau",139,13055
2019,10,"Sant Martí",73,"la Verneda i la Pau",140,13174
2019,10,"Sant Martí",73,"la Verneda i la Pau",141,13429
2019,10,"Sant Martí",73,"la Verneda i la Pau",142,11903
2019,10,"Sant Martí",73,"la Verneda i la Pau",143,14130
2019,10,"Sant Martí",65,"el Clot",234,17714
2019,10,"Sant Martí",69,"Diagonal Mar i el Front Marítim del Poblenou",235,15756
2019,10,"Sant Martí",69,"Diagonal Mar i el Front Marítim del Poblenou",236,16748
2019,10,"Sant Martí",71,"Provençals del Poblenou",237,14993
